Temperature,Injection_Time,Treatment,BlackRing_V1,GoldenRing_V2,WhiteFocus_V3,BlackRing_V4,GoldenRing_V5,BlackRing_V6,GoldenRing_V7,WhiteFocus_V8,BlackRing_V9,GoldenRing_V10,BandArea_V16,WingArea_V18,BlackRing_V11,GoldenRing_V12,WhiteFocus_V13,BlackRing_V14,GoldenRing_V15,BandArea_V17,WingArea_V19
T19,TP1,hormone,0.5633,0.7748,0.1779,4.6222,2.8183,0.3912,0.5713,0.319,5.518,5.856,1.6211,312.6673,0.0835,0.3597,0.0242,1.2414,1.2047,1.4123,385.7152
T19,TP1,hormone,0.4463,0.792,0.0804,3.5681,2.7777,0.6632,0.852,0.2317,5.4969,5.0896,1.3693,327.9244,0.2286,0.433,0.0289,1.5394,1.0939,1.353,372.6823
T19,TP1,hormone,0.7927,1.2796,0.2419,5.049,3.7475,0.826,1.6552,0.3571,5.2799,6.3289,1.2799,345.0672,0.2484,0.4412,0.0389,2.2083,1.9933,1.272,394.1773
T19,TP1,hormone,0.4903,1.0865,0.2018,3.0325,2.9082,0.6895,0.9165,0.3023,5.1172,4.25,1.1656,261.3648,NA,NA,NA,NA,NA,NA,NA
T19,TP1,hormone,0.8809,1.0927,0.1765,4.5787,3.0072,1.0194,1.1244,0.4245,8.0419,5.4799,1.1094,345.4559,NA,NA,NA,NA,NA,NA,NA
T19,TP1,hormone,0.2976,0.9006,0.0698,1.9964,2.7606,0.6177,1.0559,0.2824,4.1029,5.9645,1.5899,288.7823,NA,NA,NA,NA,NA,NA,NA
T19,TP1,hormone,0.5353,1.1376,0.149,2.2854,1.9428,0.7689,1.372,0.3131,4.8879,5.6269,1.1548,311.0335,NA,NA,NA,NA,NA,NA,NA
T19,TP1,hormone,0.5353,1.3615,0.1334,2.624,3.3005,0.785,1.1211,0.3637,4.9094,5.0683,1.1418,324.4412,NA,NA,NA,NA,NA,NA,NA
T19,TP1,hormone,1.2617,1.5792,0.2856,6.5892,4.7119,0.9408,1.0935,0.3998,5.6714,8.1015,1.5232,337.2603,0.2377,0.4144,0.0664,2.5472,2.2363,1.868,394.2942
T19,TP1,hormone,NA,NA,NA,NA,NA,0.6146,1.2439,0.389,5.719,6.7341,2.1148,381.8011,0.188,0.5493,0.0525,1.8801,1.7422,1.9047,422.5554
T19,TP1,hormone,NA,NA,NA,NA,NA,0.6649,1.364,0.3999,5.8139,7.6913,2.3622,345.51,0.1966,0.3324,0.025,1.5745,1.5371,1.6393,400.8146
T19,TP1,hormone,NA,NA,NA,NA,NA,NA,NA,NA,NA,NA,NA,NA,0.1703,0.4949,0.043,1.9974,2.0388,1.0305,392.9021
T19,TP1,control,0.521,1.0835,0.1558,4.4621,2.4255,0.1472,0.7079,0.2921,5.3919,4.8477,1.4453,334.0259,0.1527,0.4121,0.0361,1.804,1.4196,1.0167,433.9116
T19,TP1,control,0.8763,1.3413,0.264,5.3407,3.9679,0.2817,0.6219,0.3854,5.5257,5.8097,1.3194,305.0911,0.0367,0.1334,0.0226,0.8029,0.9683,1.2757,377.6138
T19,TP1,control,0.5306,0.868,0.2581,6.093,3.7337,0.4955,0.5072,NA,7.9297,6.5049,2.0419,389.1436,0.0568,0.3701,0.0402,1.9694,1.1938,1.2301,418.4123
T19,TP1,control,0.4986,0.7311,0.1272,3.8521,2.4,0.6778,0.8151,0.3049,5.4696,5.0311,1.1895,321.6407,0.2458,0.3339,0.032,1.7345,1.0736,1.1212,388.9181
T19,TP1,control,0.3031,1.0536,0.1872,4.5764,2.5905,0.0015,0.5162,0.274,3.9367,3.5677,1.8997,330.1239,0.0687,0.2257,0.0317,1.4416,1.0272,0.8861,377.7533
T19,TP1,control,0.6139,1.6375,0.1796,3.7799,3.4538,0.401,0.7342,0.4549,6.2303,5.2152,1.8024,322.252,0.1223,0.2596,0.0226,1.2755,0.7306,0.8196,366.9982
T19,TP1,control,0.9055,0.9607,0.2548,4.9532,3.6134,1.0416,0.9608,0.3628,5.1871,5.2683,0.9043,311.014,0.1762,0.3642,0.0151,1.1164,0.7903,0.9895,383.8056
T19,TP1,control,0.9262,1.5101,0.168,3.6425,3.0962,0.4853,0.6882,0.4112,6.5869,6.2319,1.4403,352.8206,0.0626,0.2506,0.0264,1.6219,1.1744,1.2249,444.784
T19,TP1,control,0.5501,0.9386,0.142,3.2357,3.0594,0.5959,0.7657,0.3507,4.8229,6.6995,1.3791,310.1615,0.1693,0.4026,0.0351,1.6284,1.239,0.8692,411.9659
T19,TP1,control,0.434,0.5807,0.1436,5.397,3.6935,0.3517,0.5185,0.3102,5.4998,4.179,1.2597,371.0444,0.1561,0.2497,0.0234,1.0643,0.76,0.9558,420.2155
T19,TP1,control,0.4786,0.5739,0.1264,3.2233,2.7783,0.2957,0.5196,0.3059,5.8737,4.9156,1.7181,336.0421,0.165,0.2984,0.0198,1.4227,1.0649,1.1418,404.7681
T19,TP1,control,0.6008,1.1533,0.165,5.2977,4.8757,0.4634,0.6475,0.3023,6.2837,5.1974,1.145,394.4265,0.1053,0.3035,0.0179,1.36,0.9316,1.0619,443.7822
T19,TP1,control,0.9121,1.2593,0.213,6.1749,3.412,0.8916,1.0044,0.3445,6.9421,6.1771,1.5477,357.1681,NA,NA,NA,NA,NA,NA,NA
T19,TP1,control,0.7842,1.3537,0.1927,5.0459,3.8107,0.2747,0.4627,0.3415,4.1597,4.4398,1.062,302.4908,0.0905,0.1918,0.0315,0.861,0.673,1.0497,367.646
T19,TP1,control,0.1285,0.3761,0.1016,3.8357,2.9962,0.7186,0.8895,0.3854,6.3325,6.331,0.9137,373.9279,0.2063,0.3539,0.0452,2.1789,1.4616,1.0014,405.1561
T19,TP1,control,1.2593,1.1395,0.1174,4.7641,3.2946,0.117,0.3901,0.2848,5.134,4.701,1.5309,302.425,0.1067,0.3238,0.023,0.6361,0.6016,0.8702,369.1822
T19,TP1,control,0.4785,0.8244,0.1992,4.0222,4.0992,1.1353,0.9511,0.3925,8.7357,6.3403,0.9823,359.523,0.27,0.425,0.032,2.0154,1.1735,0.7483,411.5024
T19,TP1,control,1.1766,1.3678,0.2185,4.6386,4.5559,0.4512,0.6146,0.452,7.0764,5.498,1.0037,377.1495,0.142,0.3929,0.0338,1.6574,1.019,1.029,439.4303
T19,TP1,control,0.4309,1.5005,0.265,5.7869,4.2166,0.8216,0.9458,0.5477,6.739,6.416,1.2102,379.8118,0.1995,0.442,0.0315,1.7841,1.1725,0.7957,443.7082
T19,TP1,control,0.689,1.0064,0.1575,2.0872,1.8599,0.2302,0.4838,0.4073,6.3731,6.6431,0.9332,314.5181,0.0359,0.3644,0.0328,1.5457,1.5176,1.3874,386.8333
T19,TP1,control,0.8528,1.8133,0.2434,5.4711,3.3395,0.2571,0.498,0.4243,5.7259,4.2533,1.3682,326.4079,0.0868,0.2234,0.0257,1.0076,0.8612,0.9155,368.0722
T19,TP1,control,0.4959,1.1744,0.1587,3.0557,3.2509,0.2817,0.5219,0.3703,4.9156,5.0241,0.8084,280.4398,0.1489,0.3315,0.023,1.161,0.9492,0.821,334.4549
T19,TP1,control,0.6039,1.171,0.1826,4.4168,3.8766,0.2873,0.4665,0.4068,3.8393,5.568,1.4334,248.9379,0.0484,0.2444,0.0444,1.3862,0.8467,1.4402,385.0276
T19,TP1,control,0.1912,0.6382,0.1381,2.9923,2.8245,0.3183,0.4635,0.2489,3.6964,4.6409,1.5675,314.6258,0.0996,0.237,0.0181,0.6332,0.5381,0.9215,341.8948
T19,TP1,control,0.6024,1.1399,0.1459,3.5751,3.3574,0.6045,0.6898,0.3125,4.3065,4.85,2.154,350.1125,0.2161,0.2739,0.0195,1.484,0.8918,1.3436,418.2524
T19,TP1,control,1.044,1.2203,0.1849,4.7057,4.5223,0.6253,0.6673,0.2587,6.1988,5.2196,1.1942,324.8482,0.1085,0.3332,0.0281,1.1961,0.9878,1.1095,408.9635
T19,TP1,control,1.0596,1.0479,0.2434,5.1091,3.1647,0.1584,0.3839,0.3722,5.3205,4.023,1.1626,293.7603,0.0238,0.2663,0.0238,0.8602,0.709,1.4694,358.26
T19,TP1,control,0.8793,1.1719,0.2356,6.029,4.2508,0.3995,0.7295,0.3659,5.8355,5.4711,1.0424,302.5928,0.0982,0.2417,0.0322,1.6183,1.2078,1.0229,384.1852
T19,TP1,control,1.6283,1.3252,0.1972,5.412,3.7277,0.3301,0.5443,0.4428,6.9193,4.9038,1.4807,350.8978,0.0603,0.3563,0.0286,1.3894,0.9371,1.1387,395.2359
T19,TP1,control,0.7581,0.9914,0.1013,3.0356,2.8299,NA,NA,NA,NA,NA,NA,339.7786,NA,NA,NA,NA,NA,NA,NA
T19,TP1,control,NA,NA,NA,NA,NA,0.3412,0.5301,0.2666,5.0784,4.5451,1.7036,350.2107,0.1678,0.3441,0.0328,1.761,1.0806,0.9738,422.7303
T19,TP1,control,NA,NA,NA,NA,NA,NA,NA,NA,NA,NA,NA,NA,0.1177,0.354,0.0353,2.1329,1.1849,1.1804,368.8987
T19,TP2,hormone,0.9464,0.9628,0.1943,4.0323,3.5291,0.4259,0.6077,0.3223,5.0767,4.6385,1.8454,288.968,0.1198,0.4396,0.0214,1.4362,1.345,0.7332,400.4904
T19,TP2,hormone,0.4666,1.249,0.1381,2.4273,2.5995,0.803,0.7927,0.3809,5.81,5.4069,1.1863,379.05,0.0866,0.4065,0.0343,1.0089,1.1259,0.7163,431.1296
T19,TP2,hormone,0.5007,1.1133,0.1833,4.7911,4.2365,0.7895,1.1569,0.3428,5.4338,6.0964,1.3164,359.89,0.2091,0.6187,0.0281,1.8344,1.5043,0.7803,423.5862
T19,TP2,hormone,0.2146,0.5836,0.2848,5.7731,2.9275,0.0738,0.3491,0.4634,3.954,3.8167,1.2847,314.928,0.1007,0.2317,0.0094,NA,0.4338,1.2031,347.4931
T19,TP2,hormone,0.6443,1.2783,0.1968,4.3975,3.1645,0.5578,0.9985,0.2317,4.176,5.5292,1.4242,344.8625,0.1883,0.3982,0.0255,1.339,1.1092,0.8698,398.3258
T19,TP2,hormone,0.7198,0.8755,0.1895,5.0168,3.5274,0.7053,0.9347,0.5906,7.4764,7.7947,1.1813,373.07,NA,NA,NA,NA,NA,NA,NA
T19,TP2,hormone,0.8252,1.9361,0.2865,4.8506,4.899,0.8331,1.2113,0.5291,8.2823,6.719,1.2337,364.72,0.2044,0.4978,0.0359,1.7197,1.2125,1.186,451.6362
T19,TP2,hormone,1.1434,1.4045,0.3753,7.0788,5.3767,0.5867,0.8606,0.4916,7.3039,7.0215,1.193,371.304,0.2044,0.3238,0.0421,1.697,1.1353,0.7373,434.324
T19,TP2,hormone,1.3221,1.4272,0.1972,6.2576,3.5827,0.861,0.7904,0.3798,6.5108,5.1626,1.5531,385.3991,0.2294,0.433,0.0203,1.651,1.0845,0.9527,417.0492
T19,TP2,hormone,0.7562,1.2098,0.1925,3.8265,3.151,0.8769,0.9975,0.3788,5.3738,5.5725,1.2394,328.8113,0.2739,0.5399,0.0312,2.4859,1.651,0.9285,450.2981
T19,TP2,hormone,1.3228,1.9187,0.1706,5.1006,3.7794,0.7796,1.0431,0.3525,6.3934,5.9028,1.834,364.2042,0.1785,0.3904,0.0135,1.5314,1.3656,1.614,454.3638
T19,TP2,hormone,1.2812,1.8047,0.3488,5.7169,4.8532,0.2294,0.4957,0.5832,5.7704,4.6976,1.705,359.3005,0.0361,0.2739,0.0376,0.9269,0.9937,0.8886,414.6745
T19,TP2,hormone,0.3536,0.7285,0.2019,3.113,2.5605,0.5816,0.5563,0.4044,6.2584,3.6786,1.4932,381.3,0.2286,0.5602,0.0453,2.0372,1.4052,1.122,411.1248
T19,TP2,hormone,0.6128,1.1555,0.194,3.3714,2.8522,1.1395,1.095,0.5571,5.7174,7.2797,1.0605,330.1747,0.2981,0.5345,0.0788,2.5062,1.7407,0.7561,393.4241
T19,TP2,hormone,1.0377,1.3709,0.3199,5.0958,3.9941,0.5883,0.8224,0.5563,7.1861,6.2241,1.3771,344.7505,0.2195,0.4504,NA,2.5,1.4556,0.8326,373.7103
T19,TP2,hormone,0.7321,1.1698,0.2747,5.9987,3.7428,0.6897,0.5992,0.5345,6.6306,5.9088,1.0736,335.2517,0.1436,0.3886,0.0453,1.9397,0.9379,1.3748,418.9663
T19,TP2,hormone,0.8458,1.676,0.1225,4.0292,3.6024,1.0863,1.2974,0.5039,7.508,7.5398,1.2664,392.39,0.3328,0.517,0.0498,2.2023,1.6423,1.0091,449.3132
T19,TP2,hormone,0.9346,1.0742,0.2575,4.9627,3.5189,0.5545,0.8523,0.5165,6.5107,5.1048,1.2946,368.1,0.2107,0.5727,0.0257,1.6143,1.1938,1.3998,426.825
T19,TP2,hormone,0.9254,0.877,0.3246,5.9954,3.3332,1.1158,1.0963,0.4603,7.5622,7.1627,0.9347,326.6292,0.0265,0.3675,0.0382,2.6638,1.3124,0.7787,388.6349
T19,TP2,hormone,0.4767,1.0791,0.2622,4.2812,3.7694,0.6689,0.9752,0.3174,5.0553,5.8028,1.0466,328.5412,0.2833,0.3967,0.0468,2.0052,1.7401,1.0474,371.9889
T19,TP2,hormone,0.7584,1.2546,0.2232,5.4774,4.8017,0.6117,1.1829,0.5415,7.492,7.815,1.2562,355.1348,0.1243,0.5763,0.0284,1.5385,1.4541,1.1426,393.9557
T19,TP2,hormone,1.1426,1.0014,0.1189,4.2564,3.252,0.7578,0.8177,0.5074,7.3637,5.298,1.5624,360.5299,0.0296,0.3227,0.0345,1.6346,1.0509,0.8079,454.9741
T19,TP2,hormone,1.2323,1.5477,0.267,5.6422,4.2104,0.7748,0.9012,0.5774,7.1767,5.7567,1.2624,355.6576,0.2354,0.4804,0.0238,1.7054,1.2176,1.0751,393.7367
T19,TP2,hormone,0.8506,0.9352,0.1907,3.3308,2.6174,0.8594,0.8903,0.4126,6.4773,6.2218,1.0379,354.01,0.1826,0.4213,0.0391,1.8163,1.217,0.6123,420.2822
T19,TP2,hormone,1.0514,1.3569,0.2039,5.2236,3.7754,0.5813,0.6796,0.4619,6.3965,5.9221,0.8669,344.9799,0.1498,0.2434,0.0351,1.3311,1.296,1.3373,440.2796
T19,TP2,hormone,0.8363,1.3326,0.1971,3.18,2.7052,0.5358,0.9106,0.5413,6.1608,7.0248,0.9784,321.5858,0.1796,0.3445,0.0391,1.504,1.075,0.8717,351.3187
T19,TP2,hormone,0.6192,1.0935,0.2755,4.9171,4.9877,0.2649,0.4679,0.5193,5.9813,6.2198,1.1276,371.8444,0.0577,0.3144,0.0351,1.2102,1.1516,0.8091,392.5353
T19,TP2,hormone,0.6085,0.7543,0.2348,4.2725,3.2474,0.8076,1.1064,0.4853,6.3692,5.1364,1.6292,339.58,0.2523,0.3793,0.0476,1.7671,0.9482,0.9205,379.2351
T19,TP2,hormone,1.6253,1.6549,0.3971,7.4959,5.7988,1.4863,1.7741,0.5172,7.8353,6.6835,1.1564,330.7495,NA,NA,NA,NA,NA,NA,NA
T19,TP2,hormone,0.8903,1.1197,0.2036,3.1514,3.3442,0.9604,1.5351,0.3374,4.5382,7.3831,1.322,313.0117,0.1342,0.3059,0.0328,1.889,1.2866,0.9745,375.9129
T19,TP2,hormone,NA,NA,NA,NA,NA,NA,NA,NA,NA,NA,NA,NA,0.1904,0.3722,0.0367,1.9998,1.2094,1.1048,390.3741
T19,TP2,hormone,NA,NA,NA,NA,NA,NA,NA,NA,NA,NA,NA,NA,0.1512,0.3146,0.0284,1.8639,1.3214,1.2738,436.7285
T19,TP2,control,0.7061,0.9004,0.1732,4.36,2.8136,0.4346,0.5423,0.4143,5.8597,4.7946,1.8734,337.4302,0.1397,0.346,0.0175,1.2045,0.9466,1.2728,444.2944
T19,TP2,control,0.4811,0.8407,0.1831,3.5164,2.4433,0.6601,0.987,0.4533,5.8238,4.8594,1.051,310.3157,0.1198,0.3333,0.0413,1.5711,1.0061,1.5068,413.9456
T19,TP2,control,0.7842,1.0409,0.3129,4.9179,4.4287,0.3745,0.6617,0.522,6.9208,6.2303,1.3264,308.1162,0.2142,0.4769,0.0738,2.2392,1.5164,1.1894,411.2692
T19,TP2,control,1.381,1.7119,0.1701,2.5296,3.4799,0.9121,1.0213,0.3714,6.6298,6.7718,1.2141,358.543,0.2373,0.5618,0.0198,2.0044,1.5806,1.4092,464.3158
T19,TP2,control,0.9727,1.2656,0.2913,4.9052,4.2165,0.891,0.8636,0.4495,5.8965,6.4469,0.9063,358.0199,0.2154,0.415,0.0505,2.2298,1.3477,0.5113,386.3464
T19,TP2,control,0.7268,1.3259,0.1976,3.7635,2.786,0.8497,0.8996,0.5282,6.5713,6.5923,1.3974,325.5766,0.2174,0.419,0.0627,2.0004,1.6854,0.9911,412.2865
T19,TP2,control,0.9488,0.8544,0.2341,4.6971,3.1709,1.3834,1.1579,0.3823,6.4722,5.1418,1.6721,371.577,0.2403,0.4564,0.0638,2.521,1.871,1.3452,440.534
T19,TP2,control,0.5384,1.2031,0.1529,3.0726,2.8417,0.6898,1.0858,0.4052,4.7498,5.7566,1.5884,349.9045,0.0531,0.3652,0.025,1.3998,1.3686,1.3202,395.4004
T19,TP2,control,0.3464,0.8459,0.1152,2.7711,2.592,0.4674,0.6031,0.2856,4.8219,4.5333,1.8414,336.8606,0.1646,0.2832,0.0218,1.0682,1.0838,1.3748,370.6134
T19,TP2,control,0.9238,0.9051,0.231,4.8368,3.5353,0.6421,0.7701,0.3909,5.9572,4.9936,1.4645,398.246,0.1349,0.3166,0.0198,1.0173,0.9919,1.3624,423.8437
T19,TP2,control,1.0252,1.4856,0.2379,4.1122,3.6126,0.9768,1.0109,0.3483,6.1004,4.638,0.6142,355.3597,NA,NA,NA,NA,NA,NA,NA
T19,TP2,control,1.2228,1.2894,0.2928,7.0534,4.2595,0.6476,0.618,0.4408,6.6867,5.3236,2.1582,344.0342,0.1935,0.3222,0.0234,1.4232,1.0526,0.8263,403.7374
T19,TP2,control,0.7911,0.8157,0.1489,3.3111,2.6941,0.4949,0.7781,0.3622,5.2892,4.9347,0.8065,370.3409,0.1127,0.2841,0.0309,1.068,1.3608,0.6689,413.9258
T19,TP2,control,0.8684,1.6151,0.2622,4.4381,3.8443,0.5064,0.6292,0.5149,4.7982,6.1387,1.3781,307.6634,NA,NA,NA,NA,NA,NA,NA
T19,TP2,control,0.4726,0.7417,0.2525,5.1343,3.6722,1.1587,0.9878,0.4916,7.4662,5.8339,1.7009,385.2306,0.2515,0.4745,0.0603,2.1972,1.4592,1.1577,438.1813
T19,TP2,control,0.8326,1.2768,0.2402,5.3038,3.9572,0.5302,0.6461,0.5786,6.7111,5.5179,1.5707,355.7278,0.2354,0.3074,0.0445,1.7329,0.9563,1.2948,387.2439
T19,TP2,control,0.435,0.5754,0.2026,3.0806,2.6892,0.2255,0.4252,0.3831,4.9757,4.7611,1.2047,296.8899,0.0765,0.1966,0.025,0.7873,0.7163,1.2148,409.1125
T19,TP2,control,0.7412,1.2136,0.2732,5.5964,4.7624,0.6211,0.8154,0.4299,6.4222,6.2241,1.1282,373.5799,0.1631,0.3527,0.0328,1.8679,1.2359,1.0713,363.4219
T19,TP2,control,0.6523,0.8276,0.2865,4.7141,4.4912,1.1696,1.4219,0.5848,8.4237,9.0831,1.2283,306.0321,0.414,0.4891,0.0347,2.4777,1.7425,1.4358,408.6882
T19,TP2,control,0.361,0.6594,0.2301,5.633,2.9018,0.2498,0.3887,0.388,5.0651,3.6126,1.4184,334.1214,0.117,0.3238,0.0515,1.3561,1.0182,1.2453,375.1974
T19,TP2,control,1.6526,1.8445,0.3246,6.5018,4.5949,0.9024,0.8732,0.3752,6.2131,4.891,1.009,337.7453,0.2333,0.5157,0.046,2.1121,1.3748,1.2227,427.1215
T19,TP2,control,1.0221,0.8425,0.3361,6.1617,3.2735,0.8248,1.4947,0.5537,7.3242,7.4372,2.2065,378.1024,NA,NA,NA,NA,NA,NA,NA
T19,TP2,control,0.6729,0.8673,0.2626,5.8917,3.1978,0.5706,0.6828,0.4318,8.0635,5.7512,1.8377,337.9964,0.1445,0.2938,0.0444,1.8192,1.3809,0.9806,390.7049
T19,TP2,control,0.78,1.0625,0.2071,4.753,2.9788,0.6851,0.7959,0.5392,6.3512,6.1328,1.4903,354.0417,0.1751,0.3737,0.0387,1.9483,1.2155,1.7368,429.3655
T19,TP2,control,1.1945,1.3599,0.2639,4.9127,4.4857,0.1373,0.2731,0.3207,3.7031,3.0469,1.4458,257.5052,0.113,0.3164,0.0258,0.3729,0.4875,0.8119,344.641
T19,TP2,control,0.8115,0.8466,0.2544,4.5457,4.0222,0.2442,0.4432,0.4408,5.5999,4.4716,0.9667,321.0301,0.0888,0.2954,0.0412,1.1138,0.9653,0.5609,396.3585
T19,TP2,control,0.2925,0.7261,0.1648,3.7412,2.7047,0.4883,0.8664,0.4023,6.1685,5.2847,1.0793,300.8868,0.2232,0.3815,0.0265,1.463,1.0978,1.1821,386.0047
T19,TP2,control,0.5246,0.9491,0.1823,3.8308,3.0361,0.7474,1.1646,0.4084,6.4461,6.4405,0.8127,290.6274,0.2056,0.4205,0.0353,1.8324,1.1464,1.1518,356.2611
T19,TP2,control,0.757,0.9792,0.1579,3.0637,3.2041,0.0738,0.2301,0.3658,3.9064,3.9643,1.3021,299.7691,0.0365,0.1127,0.0183,0.438,0.5213,0.8728,327.7009
T19,TP2,control,0.8744,0.8974,0.2246,4.0738,2.513,1.3052,1.4234,0.4151,7.2014,6.0827,1.692,334.0168,0.4844,0.5608,0.0394,2.2356,1.5583,1.2586,431.0301
T19,TP2,control,NA,NA,NA,NA,NA,NA,NA,NA,NA,NA,NA,NA,0.2904,0.4975,0.0333,2.0163,1.3212,0.9205,371.2486
T19,TP2,control,NA,NA,NA,NA,NA,NA,NA,NA,NA,NA,NA,NA,0.0041,0.4319,0.0501,1.9803,1.2217,1.358,400.2611
T23,TP1,hormone,0.9886,1.5667,0.3394,5.9096,5.5983,0.8126,2.2675,0.5563,5.557,8.0025,2.0887,302.5284,NA,NA,NA,NA,NA,NA,NA
T23,TP1,hormone,1.2195,1.3888,0.4666,6.7773,4.2383,0.8875,1.5246,0.7742,8.1641,10.8989,1.7072,265.1481,0.2905,0.5972,0.1057,3.234,2.4995,1.6626,390.6993
T23,TP1,hormone,0.7083,1.4664,0.3284,5.4473,4.9516,0.8364,1.7426,0.554,6.5178,7.8621,2.0979,326.1616,0.2889,0.6909,0.0888,2.1533,2.1678,1.5415,421.9323
T23,TP1,hormone,0.3983,1.1871,0.2444,3.1272,4.5205,1.0048,2.5027,0.5311,7.1862,7.7132,2.2275,348.7781,0.6511,0.7832,0.0591,3.1297,1.977,1.3965,394.9869
T23,TP1,hormone,0.2793,0.9387,0.1103,3.7191,2.7891,0.387,1.1111,0.3784,5.4961,5.7224,2.2947,291.3907,0.4276,0.618,0.0616,2.5272,1.7275,2.0755,304.7431
T23,TP1,hormone,0.6255,1.6513,0.3196,3.7658,3.9369,0.6203,1.2024,0.4307,5.4376,6.7484,1.7373,287.8148,0.3301,0.749,0.0694,2.5536,1.9555,1.598,348.5029
T23,TP1,hormone,NA,NA,NA,NA,NA,0.8749,1.6626,0.4592,7.1224,6.7633,2.1726,324.3253,NA,NA,NA,NA,NA,NA,NA
T23,TP1,hormone,NA,NA,NA,NA,NA,0.2973,1.0276,0.3644,5.1738,6.4581,1.3615,327.6552,0.1706,0.461,0.1341,2.1297,2.24,1.8671,355.0423
T23,TP1,control,0.9046,1.6814,0.3952,5.3458,4.1714,0.5062,0.8951,0.5864,6.532,6.8978,1.5584,266.4939,0.1824,0.4286,0.0815,1.8845,1.5593,1.1541,408.2556
T23,TP1,control,1.4365,1.669,0.4282,7.5867,4.6715,1.4253,1.577,0.4891,8.3968,9.3153,2.1016,285.0045,0.4277,0.3967,0.054,2.6757,1.6187,1.5187,371.6033
T23,TP1,control,1.0976,1.8095,0.2292,3.9991,2.8901,0.9268,1.1077,0.5427,6.8169,6.1869,2.5495,329.4703,0.4198,0.5253,0.0984,2.6669,1.902,2.1837,363.7977
T23,TP1,control,1.7548,1.3215,0.4113,6.5051,3.5631,0.7942,1.0557,0.5706,8.4493,9.5848,2.1089,324.3253,0.2166,0.3404,0.0833,2.7653,1.8742,1.3878,385.2291
T23,TP1,control,1.0718,1.4398,0.3099,5.104,5.7173,0.2571,0.4523,0.5547,5.6703,8.4594,1.3743,283.0351,NA,NA,NA,NA,NA,NA,NA
T23,TP1,control,0.908,1.1961,0.3083,5.6592,4.4115,0.5641,1.3701,0.4947,4.7751,7.9609,2.2268,327.8261,0.165,0.3952,0.05,2.6098,1.8901,1.5735,418.4241
T23,TP1,control,0.8425,1.2554,0.1657,4.2111,3.186,0.6741,0.8358,0.3974,6.2742,6.0443,2.0049,342.576,0.2768,0.4487,0.0621,1.9079,1.3615,1.2695,341.4821
T23,TP1,control,0.686,0.845,0.2752,5.6963,3.7037,0.9522,0.9966,0.5055,7.6501,7.6072,1.5957,265.0181,0.365,0.5753,0.069,2.3321,2.0551,1.6846,396.5253
T23,TP1,control,1.0524,1.2453,0.3269,6.3299,3.2541,0.5129,0.6789,0.4981,7.2633,5.8356,1.8451,331.5136,0.3293,0.4479,0.1365,3.2929,1.6747,1.7126,424.7748
T23,TP1,control,0.4408,1.3256,0.2325,4.6199,4.5574,0.8507,1.343,0.4746,6.8206,6.8787,1.8296,278.033,NA,NA,NA,NA,NA,NA,NA
T23,TP1,control,1.5001,1.3559,0.3085,5.9783,3.5927,0.7951,1.0093,0.5055,6.7804,5.7274,1.6989,281.2648,0.2555,0.5666,0.0555,2.3281,1.314,1.0784,382.6407
T23,TP1,control,0.934,0.7342,0.2832,6.8576,4.1689,0.9709,1.0226,0.4035,7.3226,4.8134,2.368,319.5514,NA,NA,NA,NA,NA,NA,NA
T23,TP1,control,1.2921,1.9819,0.1932,3.0039,2.2484,0.3979,0.774,0.5997,6.0353,6.4058,1.9112,344.1422,0.2507,0.4801,0.1008,2.0916,1.5092,1.4584,348.1436
T23,TP1,control,0.808,1.1579,0.2601,5.8947,4.3516,0.7332,1.3934,0.4198,6.6407,6.9645,1.7639,323.5723,0.5009,0.5618,0.1022,2.9181,1.7267,1.4606,359.7921
T23,TP1,control,0.5593,0.7126,0.226,3.1944,3.175,0.5566,0.6338,0.4499,5.5796,6.4367,1.6913,341.0514,NA,NA,NA,NA,NA,NA,NA
T23,TP1,control,1.3489,1.752,0.1214,4.3317,2.8724,0.4826,0.6085,0.3027,4.9023,6.4098,1.0904,216.1169,0.1217,0.2848,0.0265,0.7756,0.7935,1.0065,227.3439
T23,TP1,control,1.1014,1.5846,0.215,5.9536,4.4451,0.749,0.9273,0.6336,7.8432,8.0506,0.8731,371.7491,NA,NA,NA,NA,NA,NA,NA
T23,TP1,control,0.8689,0.8586,0.2119,4.4991,2.6939,0.756,0.9681,0.5747,6.5906,6.8236,2.475,330.5164,0.3004,0.4814,0.1014,2.4352,1.4895,1.4567,326.6619
T23,TP1,control,1.122,1.3498,0.3511,4.978,3.4128,1.1283,1.64,0.6981,8.8867,7.8763,2.1331,356.4897,0.481,0.6247,0.0968,3.1581,1.8837,1.9071,380.4558
T23,TP1,control,1.3075,1.2792,0.4302,5.4001,3.9184,0.4892,0.5758,0.5782,7.2516,7.6441,1.3912,309.4878,0.2254,0.442,0.0968,2.3932,1.5505,1.9504,336.976
T23,TP1,control,0.8482,1.1736,0.273,4.2817,3.4033,0.6872,1.0123,0.7184,7.9072,6.4293,2.1888,291.1068,NA,NA,NA,NA,NA,NA,NA
T23,TP1,control,0.9675,1.5223,0.2668,5.2074,4.023,0.757,0.7078,0.5448,7.9223,5.4954,1.9313,271.3141,NA,NA,NA,NA,NA,NA,NA
T23,TP1,control,0.8272,0.7858,0.3069,4.7905,3.2297,0.4293,0.6816,0.4634,6.44,5.4878,2.0448,303.8849,0.1303,0.3901,0.085,1.7602,1.2515,1.6846,355.0958
T23,TP1,control,0.5977,0.9464,0.2083,5.1278,3.0562,0.615,0.7546,0.4649,7.2136,6.2121,1.8821,348.0178,0.2801,0.5245,0.054,1.9615,1.4505,1.7576,370.3067
T23,TP1,control,0.7186,0.9184,0.2668,5.3783,4.7822,0.7038,0.7729,0.4531,5.7147,5.6171,2.1607,264.9863,0.3215,0.3995,0.032,1.9522,1.1477,1.5683,302.1176
T23,TP1,control,0.806,1.7384,0.3511,6.931,4.4732,1.164,1.2554,0.5556,9.6001,8.7215,1.7096,283.3388,0.3333,0.5916,0.1033,2.8014,2.1186,1.1711,343.1245
T23,TP1,control,1.1752,1.2799,0.242,4.6253,2.7733,0.9441,0.8489,0.4767,7.087,7.0659,2.1418,328.7639,NA,NA,NA,NA,NA,NA,NA
T23,TP1,control,0.8038,1.305,0.1469,2.4672,2.0766,0.5999,0.9212,0.4134,5.6378,6.8701,1.7679,218.3043,0.1817,0.4547,0.0302,1.51,1.0577,2.2035,287.608
T23,TP1,control,0.9054,1.3561,0.2174,2.5455,3.1597,0.8555,0.8595,0.5117,6.4744,6.6987,2.2509,304.8691,NA,NA,NA,NA,NA,NA,NA
T23,TP2,hormone,1.1212,1.3656,0.2888,5.2736,3.4882,1.2086,1.7283,0.5251,8.0662,5.4657,1.928,368.5934,0.4065,0.2981,0.0874,3.6414,2.0294,1.136,398.317
T23,TP2,hormone,1.3749,1.6105,0.2473,4.7588,4.1415,0.6737,1.0546,0.4237,6.2773,5.0728,1.9425,365.8071,0.297,0.3414,0.0428,2.6319,1.4334,1.6787,358.1087
T23,TP2,hormone,1.4065,1.8318,0.2751,6.582,6.0727,0.98,0.9443,0.4626,7.462,5.9996,1.7417,333.6679,0.2996,0.4486,0.0343,2.0973,1.2351,1.6877,410.9898
T23,TP2,hormone,1.1603,1.2616,0.2713,6.3751,4.0274,0.8741,0.778,0.615,7.1095,7.501,1.9652,284.626,NA,NA,NA,NA,NA,NA,NA
T23,TP2,hormone,1.6687,1.6108,0.2999,7.7969,3.0073,1.1196,2.2067,0.5142,8.5412,7.2938,1.314,299.3684,0.5254,0.5569,0.0767,3.5366,2.1541,1.4487,359.7027
T23,TP2,hormone,0.7284,1.268,0.2492,4.3007,4.1246,0.8313,0.9992,0.5117,5.6415,5.4042,1.0871,276.9515,0.3166,0.3666,0.046,2.1305,1.1942,0.7205,331.9246
T23,TP2,hormone,0.6749,0.7288,0.1225,4.7338,2.6294,0.8555,0.8391,0.6018,6.6009,6.2471,1.9754,307.0492,NA,NA,NA,NA,NA,NA,NA
T23,TP2,hormone,1.1327,1.2822,0.1854,4.8966,3.9644,1.234,1.7207,0.4883,6.9239,7.0022,2.1049,369.1689,0.6281,0.6258,0.0811,2.8159,1.7985,1.7103,417.4893
T23,TP2,hormone,1.5948,1.5269,0.3137,6.3122,3.3364,1.1048,1.4739,0.5914,7.3219,7.7721,1.8258,330.0061,0.4102,0.3825,0.0778,2.6622,1.8719,1.9599,371.3501
T23,TP2,hormone,1.1855,1.2578,0.1995,4.7947,3.8973,1.3163,1.8805,0.4382,5.1879,6.8497,2.3421,318.2488,NA,NA,NA,NA,NA,NA,NA
T23,TP2,hormone,0.9498,1.1085,0.2626,5.9742,4.146,1.012,1.8586,0.5423,7.0855,7.339,1.5628,332.19,NA,NA,NA,NA,NA,NA,NA
T23,TP2,hormone,2.0234,1.3696,0.3714,6.8899,4.3412,1.4489,1.6838,0.6741,10.3048,8.3229,2.5967,351.5706,0.4578,0.5483,0.077,3.5675,2.0337,1.956,400.3817
T23,TP2,hormone,0.8832,1.0617,0.2674,5.7806,4.0833,0.8006,1.1926,0.4809,6.4146,6.64,1.9948,310.6788,0.6499,0.5673,0.0508,2.7915,1.8615,1.1958,434.5162
T23,TP2,hormone,1.9322,2.4098,0.4204,8.7763,4.8245,NA,NA,NA,NA,NA,NA,338.9665,NA,NA,NA,NA,NA,NA,NA
T23,TP2,hormone,0.9964,0.9761,0.1709,4.7689,3.4409,1.0963,1.3022,0.4104,6.4917,5.1067,1.6034,314.8466,NA,NA,NA,NA,NA,NA,NA
T23,TP2,hormone,1.3481,1.6067,0.1905,5.8144,4.2372,0.7444,1.2671,0.458,6.7632,5.0318,2.2128,322.5009,0.3254,0.3542,0.0453,2.8674,1.257,1.7517,352.4523
T23,TP2,hormone,1.2534,1.4665,0.4076,7.8859,4.9855,1.0065,1.136,0.6297,8.124,8.1271,2.1051,318.8329,0.3925,0.3698,0.0523,3.1881,1.4552,1.2406,392.0352
T23,TP2,hormone,1.3381,1.4005,0.3464,5.7192,3.5938,0.9441,1.5301,0.646,7.6371,8.2753,1.4544,316.3564,0.5435,0.8197,0.069,3.6088,2.3138,1.8711,384.4785
T23,TP2,hormone,1.6354,1.3918,0.4015,6.532,3.931,1.2162,1.6628,0.5233,6.2208,6.8945,1.1917,317.4178,NA,NA,NA,NA,NA,NA,NA
T23,TP2,hormone,0.8612,1.1985,0.3438,5.6947,4.1734,0.8595,1.4786,0.7474,7.8529,8.3419,1.5552,315.1747,0.5001,0.4908,0.0874,3.1904,1.8578,1.761,383.028
T23,TP2,hormone,0.6819,0.6866,0.3129,6.4386,4.7533,0.8294,0.8388,0.5189,7.3671,7.0012,2.0318,317.0547,0.146,0.4388,0.073,2.0099,2.7987,1.272,444.703
T23,TP2,hormone,1.3382,0.9292,0.2594,5.2455,4.3746,0.8974,0.9598,0.5616,6.876,6.871,1.3596,309.952,0.2841,0.5545,0.0662,2.6908,1.7578,1.4188,322.5287
T23,TP2,hormone,1.4705,1.3898,0.2115,5.2646,5.1532,1.0601,1.2585,0.3753,6.4392,6.4487,2.3995,330.7399,0.4039,0.5261,0.0548,2.9462,1.5005,1.6013,369.3989
T23,TP2,hormone,1.4803,1.3768,0.2816,6.899,3.7914,0.999,1.2831,0.4182,5.9575,6.2789,1.4553,309.3378,0.4682,0.3737,0.0532,2.3368,1.1569,0.8316,371.6009
T23,TP2,hormone,0.9728,1.5211,0.1547,4.6729,2.9899,0.5245,0.63,0.6078,7.3009,7.6398,2.1139,359.7302,NA,NA,NA,NA,NA,NA,NA
T23,TP2,hormone,1.1617,0.9879,0.1698,3.0184,2.8645,0.9987,0.9745,0.5431,6.3809,6.3068,1.2461,329.3039,0.3925,0.7069,0.0616,2.6037,1.9257,1.1399,406.5916
T23,TP2,hormone,1.2008,0.8224,0.2903,5.0123,3.302,1.0314,0.9951,0.5989,7.5179,9.3548,1.778,334.1716,0.3144,0.387,0.0648,2.5225,1.3358,1.3631,370.2374
T23,TP2,hormone,1.6116,1.3616,0.2349,5.4211,3.4636,1.5519,1.9779,0.6219,6.5814,5.8636,2.1043,330.0607,0.8361,0.7635,0.1033,3.5875,2.1363,2.142,393.1181
T23,TP2,hormone,NA,NA,NA,NA,NA,NA,NA,NA,NA,NA,NA,NA,0.3983,0.5388,0.1016,3.4096,2.1639,0.9403,367.7937
T23,TP2,hormone,NA,NA,NA,NA,NA,NA,NA,NA,NA,NA,NA,NA,0.4245,0.5485,0.0835,3.5103,1.7649,1.1275,346.847
T23,TP2,control,1.9806,1.6933,0.2801,5.341,2.9708,1.5868,1.9134,0.4095,7.1124,7.952,1.2966,324.8035,0.4674,0.4674,0.0538,3.4401,1.7446,1.2585,350.8544
T23,TP2,control,1.658,2.0825,0.4198,7.2095,5.0983,1.5569,2.2224,0.7924,8.8648,8.1426,1.5233,350.4684,NA,NA,NA,NA,NA,NA,NA
T23,TP2,control,1.3303,1.2188,0.2512,6.3122,4.6893,0.9035,0.845,0.607,8.2504,7.0168,1.4762,333.3268,0.277,0.277,0.0836,2.856,1.5615,1.0674,353.3621
T23,TP2,control,1.1307,1.0533,0.2218,4.2708,2.287,0.8038,0.7356,0.4309,6.3432,5.2648,2.1527,373.149,NA,NA,NA,NA,NA,NA,NA
T23,TP2,control,0.8482,1.0492,0.1856,5.4187,3.5189,0.7885,1.7102,0.5093,6.953,6.8795,2.0172,322.3044,NA,NA,NA,NA,NA,NA,NA
T23,TP2,control,0.5172,0.6929,0.1872,4.6379,2.9006,0.7611,0.7554,0.347,5.5382,4.7327,1.3502,274.7781,0.1816,0.1816,0.0323,1.4745,1.2114,1.2937,363.1473
T23,TP2,control,1.5735,1.6132,0.3404,7.9548,3.4882,0.8895,1.108,0.4611,6.2873,6.7499,1.5792,307.1627,0.3398,0.3398,0.067,2.2606,1.9128,1.4398,403.9547
T23,TP2,control,1.2211,1.0702,0.343,5.8085,3.9167,0.9419,1.71,0.6118,6.7106,8.2261,1.2323,333.6084,NA,NA,NA,NA,NA,NA,NA
T23,TP2,control,1.1227,0.8378,0.3015,0.8203,0.8996,1.0206,1.2601,0.4104,6.5681,6.5198,1.5589,290.4373,0.3729,0.3729,0.0621,2.8312,1.6876,1.1929,386.7914
T23,TP2,control,1.0577,1.3902,0.25,5.1887,2.8137,0.7803,1.3225,0.458,6.1811,6.1523,1.779,272.3152,0.2655,0.2655,0.0621,2.849,1.51,1.6892,338.6041
T23,TP2,control,1.0944,1.0862,0.2315,6.8095,4.1149,0.8776,0.9006,0.5935,7.4207,6.9796,1.6203,278.006,0.3462,0.3462,0.1069,2.8038,1.9103,1.8208,458.6301
T23,TP2,control,1.9322,2.4098,0.4204,8.7763,4.8245,1.3615,2.0419,0.8192,8.6091,10.7729,1.3107,338.9665,0.4057,0.4057,0.0694,3.192,1.4755,2.1605,400.2146
T23,TP2,control,1.3212,1.2402,0.3079,5.6148,3.128,1.0871,0.9712,0.588,6.8963,5.8845,1.454,277.2228,0.5501,0.5501,0.1209,3.984,2.3212,1.0112,411.6562
T23,TP2,control,0.5253,0.834,0.1857,3.0343,1.5521,0.8681,0.9427,0.4206,5.4775,4.8022,2.0052,318.8661,0.0913,0.0913,0.0663,2.2065,1.3701,0.7545,312.9904
T23,TP2,control,0.9466,0.9466,0.1825,4.0032,3.2224,0.7737,1.2117,0.4047,3.9651,7.0407,1.3366,299.6572,0.3268,0.3268,0.0491,2.2461,1.1751,1.077,314.9567
T23,TP2,control,0.8442,1.0268,0.181,4.9967,3.2123,0.7983,0.8451,0.4182,5.3624,4.811,1.2236,292.0936,NA,NA,NA,NA,NA,NA,NA
T23,TP2,control,0.7336,1.0936,0.3051,5.6407,4.359,0.8768,1.4172,0.5126,7.0915,7.3398,2.0075,314.9256,0.3462,0.3462,0.0702,3.606,1.7505,2.2501,400.816
T23,TP2,control,1.4204,2.0774,0.2619,7.42,4.3666,0.9879,1.36,0.6411,9.2077,8.046,1.4061,308.1174,0.4237,0.4237,0.0516,2.7169,1.733,0.7054,347.5549
T23,TP2,control,0.9653,1.2082,0.2599,6.3388,3.4833,0.6,0.7178,0.5501,6.0672,5.9853,1.6292,279.2516,0.2575,0.2575,0.0718,1.778,1.1686,1.7368,430.2678
T23,TP2,control,1.6931,1.9015,0.3901,7.6316,4.2422,1.1437,1.78,0.6437,8.7692,7.9006,1.3161,314.7388,0.4865,0.4865,0.0591,3.1967,1.7296,0.752,358.2316
T23,TP2,control,NA,NA,NA,NA,NA,NA,NA,NA,NA,NA,NA,NA,0.5079,0.5079,0.0944,2.574,1.3576,1.5714,406.6774
T23,TP2,control,NA,NA,NA,NA,NA,NA,NA,NA,NA,NA,NA,NA,0.3449,0.3449,0.0749,3.5657,1.8905,1.7899,384.1828
T23,TP2,control,NA,NA,NA,NA,NA,NA,NA,NA,NA,NA,NA,NA,0.4057,0.4057,0.0694,3.192,1.4755,2.1605,400.2146
T27,TP1,hormone,1.2876,2.0058,0.2563,4.3592,3.9924,1.2058,2.2479,0.5633,5.857,9.9004,2.101,319.4368,0.6663,0.8458,0.1108,3.4994,2.5803,1.6612,354.3593
T27,TP1,hormone,1.1372,1.259,0.2599,5.8497,4.9893,0.8575,1.2812,0.4931,7.6761,7.1323,2.1137,327.2019,NA,NA,NA,NA,NA,NA,NA
T27,TP1,hormone,1.1832,0.9588,0.2252,2.9918,2.5617,1.0633,1.4366,0.5078,5.9155,6.3241,2.0266,313.3109,0.247,0.657,0.1049,2.6819,2.1266,1.9774,320.9218
T27,TP1,hormone,1.5473,1.6338,0.2626,4.4602,3.8881,1.1105,1.2348,0.5278,6.9029,6.1459,1.8692,305.6294,0.5779,0.4512,0.1098,3.2727,1.9606,1.7328,350.5302
T27,TP1,hormone,1.343,1.3236,0.2332,5.4728,3.945,0.7498,1.2518,0.6118,6.597,9.1135,1.5431,310.4759,0.5238,0.3859,0.0714,3.3489,1.9852,1.1561,354.5644
T27,TP1,hormone,1.5346,0.9577,0.1873,5.6759,4.9942,0.6641,1.3557,0.3634,5.9315,7.0133,1.8586,343.4725,NA,NA,NA,NA,NA,NA,NA
T27,TP1,hormone,0.6327,1.0621,0.2946,6.6285,4.0435,0.4568,0.8071,0.5165,5.5737,6.2419,2.6749,327.1113,0.1363,0.3809,0.0361,2.5271,1.6343,1.4622,348.6409
T27,TP1,control,1.2615,1.6553,0.2655,6.0837,4.7755,0.4116,0.795,0.5165,6.2887,6.8989,1.4915,277.7957,0.1585,0.3563,0.0903,2.1535,1.3374,1.459,324.2863
T27,TP1,control,1.1277,2.0732,0.2481,5.7829,3.8834,0.5432,1.3075,0.4746,5.8408,6.7334,1.8434,289.4636,NA,NA,NA,NA,NA,NA,NA
T27,TP1,control,1.4487,1.3446,0.3608,6.8222,4.3687,1.234,1.2776,0.6457,7.6358,7.2403,2.0032,340.5088,0.565,0.7135,0.1275,3.4567,1.8942,2.0467,403.3574
T27,TP1,control,1.4606,1.8281,0.2146,4.0401,3.501,1.1759,1.987,0.6271,8.1143,7.1789,1.9717,336.6413,0.5407,0.6933,0.0936,3.3639,2.1888,1.5383,413.2151
T27,TP1,control,1.4836,1.4639,0.2422,5.1018,4.0172,1.3362,2.0972,0.4047,7.151,6.7256,2.0766,344.8443,0.5665,0.6039,0.1202,3.1171,1.5129,1.729,360.4351
T27,TP1,control,1.6453,1.4992,0.3218,7.8242,4.4923,1.0378,1.174,0.7241,8.3037,8.4835,1.7192,348.9922,0.4943,0.5229,0.1658,3.5929,2.4527,1.5656,338.897
T27,TP1,control,1.5124,1.637,0.2706,6.2694,3.2581,1.4689,2.309,0.5052,7.1757,8.8512,1.6795,276.8393,0.5796,0.486,0.119,3.0591,1.7512,1.5238,387.2842
T27,TP1,control,1.9614,1.8727,0.3079,8.0878,5.5977,1.2831,1.5346,0.6118,7.8675,6.6891,2.0432,281.5275,0.3709,0.5379,0.061,2.683,1.6698,1.5203,368.4796
T27,TP1,control,0.9959,1.6214,0.23,4.5172,2.6585,0.8661,1.8726,0.4705,4.701,7.2594,2.0427,309.8951,NA,NA,NA,NA,NA,NA,NA
T27,TP1,control,1.4092,1.4237,0.2655,5.9239,3.2557,0.7175,0.8886,0.5625,6.8674,5.9498,2.6004,367.7081,0.3082,0.3862,0.096,2.7192,1.6604,1.658,383.6101
T27,TP1,control,1.3616,0.9982,0.2682,4.8713,2.9637,0.679,0.8818,0.4934,6.1297,7.2093,2.385,313.3053,0.4146,0.5608,0.1305,3.5361,1.9721,1.4696,374.3106
T27,TP1,control,0.7972,0.8834,0.2036,4.8973,2.4918,1.3348,1.9705,0.4586,6.7117,6.3367,2.0173,299.1806,0.5927,0.4634,0.0579,2.4463,1.8441,1.3981,368.5777
T27,TP1,control,1.1117,1.0585,0.2738,5.3942,3.1597,0.9943,1.5778,0.4552,6.7544,6.7722,2.1839,352.9555,0.5123,0.6601,0.1174,3.7668,2.7643,1.4171,420.7453
T27,TP1,control,1.0444,0.8176,0.2599,5.1887,2.7965,0.8505,0.7397,0.5298,5.3822,4.9148,2.3298,311.9355,NA,NA,NA,NA,NA,NA,NA
T27,TP1,control,1.3623,1.598,0.3199,7.0191,4.6294,0.5758,0.8146,0.5985,7.6706,7.3702,1.8094,327.5007,0.303,0.3678,0.0928,2.7906,2.2758,1.656,398.9819
T27,TP1,control,1.6596,1.4497,0.394,8.9378,3.6141,1.0613,1.1517,0.795,10.6841,7.8181,1.8466,335.1086,0.4713,0.6691,0.1404,3.8776,2.4877,1.3612,405.188
T27,TP1,control,0.8967,1.6489,0.1905,2.4503,2.2178,NA,NA,NA,NA,NA,NA,338.7372,NA,NA,NA,NA,NA,NA,NA
T27,TP1,control,0.7713,1.0847,0.1809,4.4444,3.5509,0.7282,1.0082,0.5131,6.8251,5.6527,1.9688,315.8431,0.3032,0.487,0.0768,2.8267,1.8352,1.6489,361.7545
T27,TP1,control,1.1928,1.5345,0.2331,4.4046,3.3813,NA,NA,NA,NA,NA,NA,268.0301,NA,NA,NA,NA,NA,NA,NA
T27,TP1,control,1.6708,1.6486,0.3054,7.0648,3.8768,0.7988,0.8418,0.5187,5.8425,7.5644,2.1125,260.7561,0.1485,0.544,0.0541,2.2679,3.4535,1.7029,356.6511
T27,TP1,control,1.0218,0.9507,0.1356,3.8691,3.1161,NA,NA,NA,NA,NA,NA,324.2688,0.3589,0.7186,0.1053,3.5884,1.8375,1.495,328.1616
T27,TP1,control,1.1165,1.2437,0.2489,4.8141,3.9075,0.838,0.9308,0.6297,6.4613,5.7965,1.7009,304.5848,0.3527,0.3914,0.0952,2.5665,1.7062,1.7207,367.537
T27,TP1,control,0.976,1.103,0.1428,4.096,3.1073,0.6396,0.8871,0.5547,7.6215,7.0557,1.7846,308.8094,NA,NA,NA,NA,NA,NA,NA
T27,TP1,control,1.1995,1.2037,0.1336,4.6109,3.2694,NA,NA,NA,NA,NA,NA,307.9562,NA,NA,NA,NA,NA,NA,NA
T27,TP1,control,1.1509,1.2952,0.2271,5.9049,3.7553,0.9972,0.9979,0.355,6.6103,5.3931,1.6214,260.2096,0.2631,0.3882,0.0968,2.6876,1.4729,1.2857,311.6953
T27,TP1,control,0.9217,0.9063,0.2026,5.9538,3.5794,0.8115,1.4216,0.4323,5.7107,4.9522,1.8375,263.1659,0.3826,0.5033,0.0878,2.3423,2.0591,1.344,314.2281
T27,TP1,control,0.5454,1.5628,0.2177,5.5897,4.4825,0.3984,0.6674,0.4653,6.2064,5.224,2.2821,317.7954,0.2075,0.4284,0.0819,2.1824,1.2804,1.5316,360.3806
T27,TP1,control,1.7528,1.4394,0.242,5.3767,3.1351,0.7776,0.8046,0.4896,5.5545,4.7205,NA,230.482,0.1477,0.5528,0.05,1.5076,0.9959,1.27,285.4468
T27,TP1,control,1.218,1.4827,0.2379,4.8417,3.2059,NA,NA,NA,NA,NA,NA,307.5991,NA,NA,NA,NA,NA,NA,NA
T27,TP1,control,NA,NA,NA,NA,NA,1.1767,1.6045,0.6796,7.7899,7.8545,2.0363,268.9784,0.339,0.661,0.1138,3.4139,2.3115,2.058,354.1088
T27,TP1,control,NA,NA,NA,NA,NA,1.0466,1.8778,0.7,8.3005,10.2551,2.4951,381.8128,0.4236,0.688,0.1207,3.1207,3.9376,1.9335,432.3052
T27,TP1,control,NA,NA,NA,NA,NA,0.2119,0.4261,0.054,2.851,3.4366,2.2472,261.5703,0.1467,0.2653,0.0593,1.9062,1.2554,2.6,286.5344
T27,TP1,control,NA,NA,NA,NA,NA,0.9838,1.6916,0.5294,7.2871,8.7729,1.9919,309.3217,NA,NA,NA,NA,NA,NA,NA
T27,TP1,control,NA,NA,NA,NA,NA,NA,NA,NA,NA,NA,NA,NA,0.5673,0.5476,0.0624,2.3801,1.4811,1.317,307.94
T27,TP1,control,NA,NA,NA,NA,NA,NA,NA,NA,NA,NA,NA,NA,0.2241,0.3662,0.0517,1.4893,0.9253,0.97,312.9227
T27,TP2,hormone,1.2632,1.3537,0.2468,5.3521,3.7612,1.0006,1.6321,0.6315,6.2246,7.7961,1.8708,298.2344,0.4657,0.4116,0.1356,3.1613,2.4818,1.6844,358.9472
T27,TP2,hormone,1.845,2.0511,0.3713,9.1329,5.4316,1.3442,2.3083,0.511,8.3285,8.1381,1.76,299.1748,0.639,0.646,0.1155,4.3031,2.4601,1.4013,334.0376
T27,TP2,hormone,1.3631,1.6159,0.2731,6.6446,5.5351,1.0895,1.1995,0.5788,8.5254,7.5993,1.8842,348.4462,0.3976,0.5505,0.0785,2.9612,2.2044,1.7558,374.4161
T27,TP2,hormone,1.4011,1.7255,0.2429,7.0143,4.9789,1.0936,2.0517,0.4737,6.5246,7.1855,2.4171,364.3377,0.5555,0.6258,0.1209,3.5049,2.379,1.9342,408.5765
T27,TP2,hormone,1.5408,1.9199,0.4428,6.4571,5.3453,1.7062,2.5576,0.8176,9.2596,10.7599,2.2211,376.3745,0.6999,0.568,0.16,4.0948,2.3735,1.7758,400.7865
T27,TP2,hormone,1.4786,2.0583,0.3588,8.2241,6.22,1.385,2.4335,0.7463,7.3579,8.5722,2.0254,299.0017,0.6125,0.6158,0.142,3.9212,3.0402,1.6469,379.0773
T27,TP2,hormone,1.7554,1.8159,0.2922,8.1708,5.6156,1.0161,1.2163,0.5375,7.4364,8.9941,2.6722,337.9003,0.312,0.4869,0.087,3.5065,1.8579,1.6568,408.0303
T27,TP2,hormone,0.6094,0.6094,0.1482,4.0745,2.993,0.9758,1.1089,0.4278,5.7738,5.9465,1.9402,322.6312,0.2923,0.4236,0.0706,2.8325,1.9261,1.4277,415.6435
T27,TP2,hormone,1.4349,1.7298,0.4104,8.1123,5.2152,1.2453,2.125,0.6779,8.9214,9.3702,2.5996,342.269,0.5189,0.684,0.1381,4.0397,3.0208,1.6108,382.859
T27,TP2,hormone,1.1565,1.1388,0.2421,6.1007,4.0483,1.0736,1.3823,0.4872,6.7122,6.736,2.0726,317.0482,0.1912,0.5523,0.0976,3.5668,1.7854,1.222,406.801
T27,TP2,hormone,1.0895,1.6346,0.2127,3.6461,3.2835,1.4653,2.2783,0.6367,6.9544,8.6514,2.3033,318.2992,0.6673,0.6665,0.1206,4.1119,2.709,2.0099,361.3704
T27,TP2,hormone,0.8894,1.7126,0.2817,4.9046,4.9377,1.2386,1.5783,0.5435,6.9708,6.5987,2.0417,326.3333,0.647,0.656,0.1117,3.2249,2.243,2.0878,385.7046
T27,TP2,hormone,1.146,1.071,0.2332,4.7319,3.0572,1.0069,1.0831,0.5316,6.5725,6.2773,2.0369,297.6854,0.4393,0.6796,0.1163,2.766,1.8133,1.1009,340.0861
T27,TP2,hormone,0.9474,1.2299,0.2299,4.2594,3.3875,1.1966,1.7211,0.5285,5.4275,6.2384,1.906,275.4319,0.4323,0.497,0.0655,2.6848,1.7743,1.2523,349.9384
T27,TP2,hormone,1.601,1.6158,0.3982,7.8185,3.6322,1.5301,2.1582,0.7654,9.1275,7.7729,2.1527,334.132,0.555,0.6478,0.1404,3.3908,2.5386,2.3489,407.1182
T27,TP2,hormone,1.3196,1.4767,0.2785,5.6584,4.5134,1.1509,1.7651,0.4237,6.7867,5.0378,2.3341,325.0775,0.4584,0.8071,0.096,3.0072,1.8603,1.8708,327.4253
T27,TP2,hormone,1.0742,1.0241,0.2514,4.5382,3.7338,0.9717,1.0783,0.5012,5.6697,5.9821,1.9305,313.5113,0.0404,0.5351,0.0783,2.5818,1.5907,1.4245,316.922
T27,TP2,hormone,1.8538,1.8202,0.376,8.1436,6.0829,1.5829,1.8415,0.8062,7.6231,10.0746,2.023,319.0507,0.0685,0.7025,0.1019,3.5618,2.5176,1.5537,351.1611
T27,TP2,hormone,1.0839,1.2751,0.1397,3.9429,3.8096,1.1356,1.8159,0.4148,6.6156,6.5462,2.368,322.6312,0.3218,0.6166,0.0813,2.0304,2.353,1.9397,357.9601
T27,TP2,hormone,1.2329,1.2095,0.1938,4.5449,3.4289,0.9915,1.5721,0.5622,6.34,7.537,1.988,291.6269,0.4795,0.5673,0.1174,3.1798,2.2233,1.5813,358.5305
T27,TP2,hormone,0.931,1.4598,0.3982,5.3768,5.197,1.2315,1.8391,0.7143,8.7096,10.7043,2.5566,366.2039,0.5446,0.6875,0.0852,3.4699,2.2888,1.1929,357.4332
T27,TP2,hormone,1.2348,1.7545,0.3161,5.4392,3.3021,0.8006,1.2203,0.481,5.903,7.961,1.9781,325.2042,0.1921,0.4663,0.0649,3.0927,1.9359,1.702,384.528
T27,TP2,hormone,1.3139,1.4398,0.2768,6.3816,5.5866,0.7994,0.9765,0.5054,6.7836,6.2598,1.9772,285.9242,0.4495,0.5004,0.0936,3.1379,1.7336,1.828,339.8139
T27,TP2,hormone,2.0194,1.8734,0.3309,6.7296,5.0641,1.0354,1.0666,0.4838,6.6259,6.0836,1.5246,270.1,0.5117,0.5997,0.071,3.3009,2.2356,1.4035,318.905
T27,TP2,hormone,0.5872,1.168,0.1849,3.5168,3.5017,0.8645,0.9885,0.6133,6.1855,8.4786,2.3924,364.6661,0.3591,0.5004,0.1057,2.6601,1.7602,1.4503,435.2612
T27,TP2,hormone,0.9257,0.9636,0.3043,4.7036,3.3671,0.7595,0.9653,0.6271,5.388,6.9045,1.7433,291.7759,0.2922,0.4592,0.1203,2.5447,1.7029,1.0831,383.4444
T27,TP2,hormone,1.0276,1.1276,0.2206,5.4465,4.5301,1.019,1.0474,0.4128,6.5953,4.9654,2.1063,314.472,0.5068,0.5383,0.0718,3.0394,1.5601,1.8054,398.5828
T27,TP2,hormone,1.5027,1.5687,0.2965,5.8747,6.1253,1.0284,1.9639,0.5173,6.778,7.3047,2.148,260.499,0.6519,0.5969,0.0714,3.0041,2.5616,1.5657,354.1835
T27,TP2,hormone,1.3426,1.4053,0.2777,4.5499,2.7161,1.0433,0.9665,0.7142,6.9565,6.8612,2.3623,358.6714,NA,NA,NA,NA,NA,NA,NA
T27,TP2,hormone,1.356,1.5249,0.3285,8.2042,4.7847,NA,NA,NA,NA,NA,NA,333.0277,NA,NA,NA,NA,NA,NA,NA
T27,TP2,hormone,NA,NA,NA,NA,NA,0.8403,1.0696,0.5602,5.8306,5.5783,2.6685,NA,0.477,0.6513,0.0775,2.7537,1.8563,1.7147,366.0821
T27,TP2,hormone,NA,NA,NA,NA,NA,NA,NA,NA,NA,NA,NA,NA,0.7693,0.6519,0.1079,2.824,1.7719,1.1244,379.5374
T27,TP2,control,1.9814,2.263,0.5383,9.2608,5.8854,1.2323,2.688,0.7044,8.3271,8.5865,1.8623,329.6499,0.7221,0.8816,0.1587,3.804,2.6082,1.9091,390.4543
T27,TP2,control,1.6545,1.6828,0.251,5.8537,4.7811,1.0419,1.9442,0.4463,7.2104,6.2056,2.2751,309.4291,0.5262,0.6901,0.1065,3.3098,2.6173,1.728,347.7063
T27,TP2,control,1.343,1.6747,0.2579,6.3511,4.0778,1.1541,2.1452,0.5125,6.6253,6.4598,2.2614,290.6315,0.4616,0.6166,0.1248,4.2635,3.2602,1.9212,326.0926
T27,TP2,control,1.6402,2.152,0.2317,6.6368,3.1906,1.7401,1.883,0.4555,6.686,4.999,1.5521,310.4622,0.8507,0.9047,0.2163,4.6447,2.8022,1.2687,383.1442
T27,TP2,control,1.0169,1.4673,0.2962,6.2331,4.6899,0.8943,1.8877,0.5348,6.8931,8.0476,2.3241,343.6437,0.4883,0.7183,0.1291,3.8336,3.5011,1.7715,412.751
T27,TP2,control,1.051,1.2109,0.2029,3.7187,3.831,0.6091,0.6287,0.3777,5.5236,5.5688,2.2606,278.1565,0.3169,0.3276,0.0665,2.1921,1.8169,2.1264,341.1056
T27,TP2,control,1.0033,0.9852,0.2947,4.5821,3.284,0.9681,2.0242,0.3888,5.5053,7.0653,2.3321,263.4684,0.5324,0.73,0.1095,3.758,2.2178,1.3886,342.5789
T27,TP2,control,0.9318,1.0673,0.2808,4.0361,3.9129,1.1157,1.5418,0.4578,5.7854,6.1908,2.6185,302.9145,0.4278,0.5278,0.113,3.0023,2.0855,2.3018,386.3176
T27,TP2,control,1.4124,1.7045,0.1476,4.6546,3.2007,1.0205,1.4532,0.4015,6.1174,5.6732,2.6781,301.867,0.4619,0.5688,0.0882,3.1624,3.4471,2.2362,349.8986
T27,TP2,control,1.0854,1.4885,0.2512,6.0747,4.6576,NA,NA,NA,NA,NA,NA,326.7392,NA,NA,NA,NA,NA,NA,NA
T27,TP2,control,1.3688,1.2098,0.2203,5.6746,3.2993,1.1961,1.4357,0.4346,6.6118,7.2087,1.6814,318.2992,0.387,0.5852,0.0655,2.0037,1.612,1.2109,394.4719
T27,TP2,control,1.3252,1.4826,0.2946,5.9821,3.8602,1.2034,1.9394,0.5924,6.2928,8.2475,1.761,299.9822,0.4034,0.5282,0.1225,2.4375,2.031,1.8773,345.4231
T27,TP2,control,1.4422,1.937,0.3244,5.6076,4.2993,0.6206,1.0823,0.5262,6.5857,8.2871,2.0258,290.7469,0.3047,0.3737,0.0682,2.2575,1.9726,1.56,346.4067
T27,TP2,control,1.5775,1.2831,0.238,5.6045,3.3083,1.0566,1.0903,0.4967,6.0648,5.9392,2.0599,356.7212,0.5517,0.7118,0.1453,2.8497,1.9474,1.6051,374.946
T27,TP2,control,1.5703,1.9306,0.4142,7.8215,5.0006,1.0522,1.2045,0.5721,8.1373,7.5445,1.6243,324.3872,0.4126,0.5658,0.1452,3.1518,1.7497,1.2259,395.1168
T27,TP2,control,0.9228,1.8038,0.2225,5.3579,3.0952,0.913,2.3423,0.4745,6.1765,6.7044,1.931,295.4426,0.4442,0.6182,0.133,4.0336,2.9376,1.4639,351.736
T27,TP2,control,0.8168,1.2095,0.1844,3.9329,2.7642,0.8695,1.4466,0.4795,6.3628,8.2487,2.0304,359.4314,0.3095,0.5681,0.078,2.7044,2.6231,2.3908,383.3729
T27,TP2,control,1.1966,1.3696,0.2158,5.2918,3.5398,0.6724,1.0961,0.5238,5.321,7.298,2.3235,276.4575,0.16,0.4588,0.0749,2.1402,1.8578,1.289,408.0615
T27,TP2,control,0.9891,1.5117,0.2962,7.3741,3.6218,0.9683,1.4786,0.6492,7.5021,6.565,1.2898,321.4686,0.3131,0.5908,0.1606,3.1145,2.7473,1.2526,366.5878
T27,TP2,control,0.7713,0.8911,0.1992,4.0928,2.9002,0.8709,1.3966,0.3913,5.5762,5.9261,1.7488,238.6031,NA,NA,NA,NA,NA,NA,NA
T27,TP2,control,1.2505,1.5244,0.4035,5.6442,4.0429,0.9733,0.8676,0.6626,7.2088,7.3339,1.9192,337.2143,0.2663,0.4136,0.099,2.678,2.1086,1.1694,383.7946
T27,TP2,control,0.8068,1.0541,0.238,5.2402,3.7257,0.8935,1.3061,0.4737,5.7044,7.1906,2.2527,343.412,NA,NA,NA,NA,NA,NA,NA
T27,TP2,control,1.1961,1.1704,0.2668,4.7182,2.6443,1.0624,1.1297,0.5263,5.9137,5.6461,2.3974,335.237,0.4736,0.6515,0.1256,2.6107,2.4929,1.4973,373.0041
T27,TP2,control,0.7498,0.8095,0.2639,4.9627,3.0185,1.0213,1.0978,0.6086,6.3099,6.3122,2.315,321.0909,0.61,0.6085,0.1243,3.562,2.2168,1.9905,383.213
T27,TP2,control,1.1825,1.3451,0.3599,4.7375,3.0049,1.3881,1.8999,0.703,7.6121,8.4244,0.9933,315.5949,0.6901,0.6352,0.1606,4.0047,1.7425,0.849,351.8321
T27,TP2,control,1.0435,1.3163,0.322,5.4792,4.5019,0.7978,1.1902,0.6944,6.7866,8.755,1.9963,311.8388,0.347,0.4148,0.0888,2.7788,1.8232,2.1807,376.209
T27,TP2,control,1.4704,1.0887,0.3662,4.8817,4.9917,0.3941,0.601,0.6716,7.8932,8.6403,2.0804,326.0162,0.1135,0.2254,0.0722,1.6671,1.0918,1.3616,321.6267
T27,TP2,control,1.8786,1.9981,0.4285,8.3233,6.2809,0.895,1.1259,0.665,8.0474,10.2378,1.5302,326.1243,0.5406,0.5652,0.0841,3.7294,2.3472,1.637,424.0869
T27,TP2,control,1.5456,1.732,0.364,6.1047,4.0911,0.898,1.3991,0.7509,6.1529,7.8369,1.4676,298.1356,0.3872,0.3585,0.1087,2.5284,1.4363,1.0189,308.9844
T27,TP2,control,1.501,1.6271,0.2538,5.9314,4.0769,1.2291,1.8326,0.4539,6.9656,6.8942,2.6443,322.7805,NA,NA,NA,NA,NA,NA,NA
T27,TP2,control,NA,NA,NA,NA,NA,1.1678,2.0209,0.4552,7.4525,7.1224,2.4705,335.3847,0.6831,0.7594,0.1338,3.0739,2.6675,1.8514,419.4235
T27,TP2,control,NA,NA,NA,NA,NA,NA,NA,NA,NA,NA,NA,NA,0.5079,0.7061,0.1639,2.677,2.3423,1.6526,401.6259
T27,TP2,control,NA,NA,NA,NA,NA,NA,NA,NA,NA,NA,NA,NA,0.6031,0.4931,0.1404,3.6211,2.173,2.095,340.1431
T27,TP2,control,NA,NA,NA,NA,NA,NA,NA,NA,NA,NA,NA,NA,0.7167,0.6104,0.1171,3.523,2.1817,1.1835,329.2312